period,coin_1,coin_2,correlation
calm,BNB,BNB,1.0
calm,BNB,BTC,0.6356631050462487
calm,BNB,DOGE,0.3471147369872742
calm,BNB,ETH,0.6522516882314296
calm,BNB,SOL,0.5534136411641878
calm,BNB,XRP,0.5084653316342445
calm,BTC,BNB,0.6356631050462487
calm,BTC,BTC,1.0
calm,BTC,DOGE,0.5165067418221794
calm,BTC,ETH,0.7983030450073102
calm,BTC,SOL,0.5818542022772744
calm,BTC,XRP,0.5848094196604862
calm,DOGE,BNB,0.3471147369872742
calm,DOGE,BTC,0.5165067418221794
calm,DOGE,DOGE,1.0
calm,DOGE,ETH,0.4943531628657261
calm,DOGE,SOL,0.3666764559790211
calm,DOGE,XRP,0.36188709586857953
calm,ETH,BNB,0.6522516882314296
calm,ETH,BTC,0.7983030450073102
calm,ETH,DOGE,0.4943531628657261
calm,ETH,ETH,1.0
calm,ETH,SOL,0.633633028770588
calm,ETH,XRP,0.5940266548579187
calm,SOL,BNB,0.5534136411641878
calm,SOL,BTC,0.5818542022772744
calm,SOL,DOGE,0.3666764559790211
calm,SOL,ETH,0.633633028770588
calm,SOL,SOL,1.0
calm,SOL,XRP,0.4834874804950964
calm,XRP,BNB,0.5084653316342445
calm,XRP,BTC,0.5848094196604862
calm,XRP,DOGE,0.36188709586857953
calm,XRP,ETH,0.5940266548579187
calm,XRP,SOL,0.4834874804950964
calm,XRP,XRP,1.0
crash_2022,BNB,BNB,1.0
crash_2022,BNB,BTC,0.8267031868827884
crash_2022,BNB,DOGE,0.6970802781837744
crash_2022,BNB,ETH,0.8213996748045673
crash_2022,BNB,SOL,0.8090798199981196
crash_2022,BNB,XRP,0.7619054934964524
crash_2022,BTC,BNB,0.8267031868827884
crash_2022,BTC,BTC,1.0
crash_2022,BTC,DOGE,0.6978003882139002
crash_2022,BTC,ETH,0.8986175830473713
crash_2022,BTC,SOL,0.7869821612022836
crash_2022,BTC,XRP,0.7670715443170582
crash_2022,DOGE,BNB,0.6970802781837744
crash_2022,DOGE,BTC,0.6978003882139002
crash_2022,DOGE,DOGE,1.0
crash_2022,DOGE,ETH,0.7137581804988816
crash_2022,DOGE,SOL,0.6634925687975157
crash_2022,DOGE,XRP,0.6622010981696119
crash_2022,ETH,BNB,0.8213996748045673
crash_2022,ETH,BTC,0.8986175830473713
crash_2022,ETH,DOGE,0.7137581804988816
crash_2022,ETH,ETH,1.0
crash_2022,ETH,SOL,0.807569455736621
crash_2022,ETH,XRP,0.774077313197989
crash_2022,SOL,BNB,0.8090798199981196
crash_2022,SOL,BTC,0.7869821612022836
crash_2022,SOL,DOGE,0.6634925687975157
crash_2022,SOL,ETH,0.807569455736621
crash_2022,SOL,SOL,1.0
crash_2022,SOL,XRP,0.7870600478123208
crash_2022,XRP,BNB,0.7619054934964524
crash_2022,XRP,BTC,0.7670715443170582
crash_2022,XRP,DOGE,0.6622010981696119
crash_2022,XRP,ETH,0.774077313197989
crash_2022,XRP,SOL,0.7870600478123208
crash_2022,XRP,XRP,1.0
crash_2026,BNB,BNB,1.0
crash_2026,BNB,BTC,0.8566931148157669
crash_2026,BNB,DOGE,0.7559665797547287
crash_2026,BNB,ETH,0.8310453313416305
crash_2026,BNB,SOL,0.8422553335178833
crash_2026,BNB,XRP,0.7891191472361339
crash_2026,BTC,BNB,0.8566931148157669
crash_2026,BTC,BTC,1.0
crash_2026,BTC,DOGE,0.7950723959354106
crash_2026,BTC,ETH,0.9218639365503473
crash_2026,BTC,SOL,0.8944473125599225
crash_2026,BTC,XRP,0.8810869091082124
crash_2026,DOGE,BNB,0.7559665797547287
crash_2026,DOGE,BTC,0.7950723959354106
crash_2026,DOGE,DOGE,1.0
crash_2026,DOGE,ETH,0.8100088186551607
crash_2026,DOGE,SOL,0.7934578295433151
crash_2026,DOGE,XRP,0.8259852220676658
crash_2026,ETH,BNB,0.8310453313416305
crash_2026,ETH,BTC,0.9218639365503473
crash_2026,ETH,DOGE,0.8100088186551607
crash_2026,ETH,ETH,1.0
crash_2026,ETH,SOL,0.8996543105799537
crash_2026,ETH,XRP,0.8542412643753682
crash_2026,SOL,BNB,0.8422553335178833
crash_2026,SOL,BTC,0.8944473125599225
crash_2026,SOL,DOGE,0.7934578295433151
crash_2026,SOL,ETH,0.8996543105799537
crash_2026,SOL,SOL,1.0
crash_2026,SOL,XRP,0.8423961019726692
crash_2026,XRP,BNB,0.7891191472361339
crash_2026,XRP,BTC,0.8810869091082124
crash_2026,XRP,DOGE,0.8259852220676658
crash_2026,XRP,ETH,0.8542412643753682
crash_2026,XRP,SOL,0.8423961019726692
crash_2026,XRP,XRP,1.0
