coin_1,coin_2,correlation
BNB,BNB,1.0
BNB,BTC,0.668554207947321
BNB,DOGE,0.3920051566382324
BNB,ETH,0.6802541621556754
BNB,SOL,0.597251824629041
BNB,XRP,0.545738835662603
BTC,BNB,0.668554207947321
BTC,BTC,1.0
BTC,DOGE,0.5413724570632764
BTC,ETH,0.8225332355470798
BTC,SOL,0.6296039369345672
BTC,XRP,0.6194798198438529
DOGE,BNB,0.3920051566382324
DOGE,BTC,0.5413724570632764
DOGE,DOGE,1.0
DOGE,ETH,0.5251143942864515
DOGE,SOL,0.4108202314244297
DOGE,XRP,0.4026516198148739
ETH,BNB,0.6802541621556754
ETH,BTC,0.8225332355470798
ETH,DOGE,0.5251143942864515
ETH,ETH,1.0
ETH,SOL,0.6751358472211527
ETH,XRP,0.6263109973630611
SOL,BNB,0.597251824629041
SOL,BTC,0.6296039369345672
SOL,DOGE,0.4108202314244297
SOL,ETH,0.6751358472211527
SOL,SOL,1.0
SOL,XRP,0.5336621963167013
XRP,BNB,0.545738835662603
XRP,BTC,0.6194798198438529
XRP,DOGE,0.4026516198148739
XRP,ETH,0.6263109973630611
XRP,SOL,0.5336621963167013
XRP,XRP,1.0
